[{"id":16,"gu_name":"종로구","dong_name":"청운효자동","Classification":"한식","count":75},
  {"id":16,"gu_name":"종로구","dong_name":"청운효자동","Classification":"중식","count":3},
  {"id":16,"gu_name":"종로구","dong_name":"청운효자동","Classification":"닭/오리요리","count":6},
  {"id":16,"gu_name":"종로구","dong_name":"청운효자동","Classification":"커피점/카페","count":52},
  {"id":16,"gu_name":"종로구","dong_name":"청운효자동","Classification":"편의점/슈퍼마켓","count":14},
  {"id":16,"gu_name":"종로구","dong_name":"청운효자동","Classification":"일식/수산물","count":5},
  {"id":16,"gu_name":"종로구","dong_name":"청운효자동","Classification":"제과제빵떡케익","count":8},
  {"id":16,"gu_name":"종로구","dong_name":"청운효자동","Classification":"유흥주점","count":11},
  {"id":16,"gu_name":"종로구","dong_name":"청운효자동","Classification":"분식","count":26},
  {"id":16,"gu_name":"종로구","dong_name":"청운효자동","Classification":"패스트푸드","count":6},
  {"id":16,"gu_name":"종로구","dong_name":"청운효자동","Classification":"별식/퓨전요리","count":6},
  {"id":16,"gu_name":"종로구","dong_name":"청운효자동","Classification":"양식","count":1},
  {"id":5,"gu_name":"종로구","dong_name":"무악동","Classification":"한식","count":19},
  {"id":5,"gu_name":"종로구","dong_name":"무악동","Classification":"중식","count":3},
  {"id":5,"gu_name":"종로구","dong_name":"무악동","Classification":"닭/오리요리","count":4},
  {"id":5,"gu_name":"종로구","dong_name":"무악동","Classification":"커피점/카페","count":8},
  {"id":5,"gu_name":"종로구","dong_name":"무악동","Classification":"편의점/슈퍼마켓","count":10},
  {"id":5,"gu_name":"종로구","dong_name":"무악동","Classification":"일식/수산물","count":2},
  {"id":5,"gu_name":"종로구","dong_name":"무악동","Classification":"제과제빵떡케익","count":5},
  {"id":5,"gu_name":"종로구","dong_name":"무악동","Classification":"유흥주점","count":6},
  {"id":5,"gu_name":"종로구","dong_name":"무악동","Classification":"분식","count":5},
  {"id":5,"gu_name":"종로구","dong_name":"무악동","Classification":"패스트푸드","count":6},
  {"id":5,"gu_name":"종로구","dong_name":"무악동","Classification":"별식/퓨전요리","count":3},
  {"id":5,"gu_name":"종로구","dong_name":"무악동","Classification":"양식","count":5},
  {"id":1,"gu_name":"종로구","dong_name":"사직동","Classification":"한식","count":235},
  {"id":1,"gu_name":"종로구","dong_name":"사직동","Classification":"중식","count":18},
  {"id":1,"gu_name":"종로구","dong_name":"사직동","Classification":"닭/오리요리","count":15},
  {"id":1,"gu_name":"종로구","dong_name":"사직동","Classification":"커피점/카페","count":122},
  {"id":1,"gu_name":"종로구","dong_name":"사직동","Classification":"편의점/슈퍼마켓","count":29},
  {"id":1,"gu_name":"종로구","dong_name":"사직동","Classification":"일식/수산물","count":43},
  {"id":1,"gu_name":"종로구","dong_name":"사직동","Classification":"제과제빵떡케익","count":15},
  {"id":1,"gu_name":"종로구","dong_name":"사직동","Classification":"유흥주점","count":32},
  {"id":1,"gu_name":"종로구","dong_name":"사직동","Classification":"분식","count":51},
  {"id":1,"gu_name":"종로구","dong_name":"사직동","Classification":"패스트푸드","count":10},
  {"id":1,"gu_name":"종로구","dong_name":"사직동","Classification":"별식/퓨전요리","count":16},
  {"id":1,"gu_name":"종로구","dong_name":"사직동","Classification":"양식","count":11}]